Company/Brand,Sector,Stage,Amount($),HeadQuarter,What_it_does
TheCollegeFever,"Brand Marketing, Event Promotion, Marketing, Sponsorship, Ticketing",Seed,250000,Bangalore,"TheCollegeFever is a hub for fun, fiesta and frolic of Colleges."
Happy Cow Dairy,"Agriculture, Farming",Seed,5840000,Mumbai,A startup which aggregates milk from dairy farmers in rural Maharashtra.
MyLoanCare,"Credit, Financial Services, Lending, Marketplace",Series A,9490000,Gurgaon,Leading Online Loans Marketplace in India
PayMe India,"Financial Services, FinTech",Angel,2000000,Noida,PayMe India is an innovative FinTech organization which offers short term financial suport to corporate employees.
Eunimart,"E-Commerce Platforms, Retail, SaaS",Seed,3515000,Hyderabad,Eunimart is a one stop solution for merchants to create a difference by selling globally.
Hasura,"Cloud Infrastructure, PaaS, SaaS",Seed,1600000,Bengaluru,"Hasura is a platform that allows developers to build, deploy, and host cloud-native applications quickly."
Tripshelf,"Internet, Leisure, Marketplace",Seed,2336000,Kalkaji,Tripshelf is an online market place for holiday packages.
Hyperdata.IO,Market Research,Angel,7300000,Hyderabad,Hyperdata combines advanced machine learning with human intelligence.
Freightwalla,"Information Services, Information Technology",Seed,3515000,Mumbai,Freightwalla is an international forwarder thats helps you manage supply chain by providing online tools including instant quotations.
Microchip Payments,Mobile Payments,Seed,3515000,Bangalore,Microchip payments is a mobile-based payment application and point-of-sale device
BizCrum Infotech Pvt. Ltd.,"B2B, Shoes",Seed,3515000,Delhi,Building Transactionary B2B Marketplaces
Emojifi,Internet,Seed,3515000,Bengaluru,"Emojifi is an app that provides live emoji, stickers & GIFs suggestions based on the typed words across chat platforms."
Flock,"Apps, Collaboration, Developer Platform, Enterprise Software, Messaging, Productivity Tools, Video Chat",Seed,3515000,India,Flock is a real-time messaging and collaboration app for teams that speeds up and simplifies communication and boosts productivity.
Freshboxx,Food Delivery,Seed,3515000,Hubli,"Freshboxx is incubated at Sandbox Startups, a unit of the Deshpande Foundation."
Wide Mobility Mechatronics,Industrial Automation,Seed,3515000,Bangalore,Wide Mobility Mechatronics is a Private Company limited by Shares
Pitstop,"Automotive, Search Engine, Service Industry",Seed,14600000,Bengaluru,Pitstop offers general repair and maintenance services for cars through its doorstep service vehicles.
Mihuru,"Finance, Internet, Travel",Seed,150000,Mumbai,Mihuru is an online platform which gives micro loans for air travel .
Fyle,"Accounting, Business Information Systems, Business Travel, Finance, SaaS",Seed,1100000,Bengaluru,Fyle is an intelligent expense management platform for enterprises.
AppWharf,"Artificial Intelligence, Product Search, SaaS, Service Industry, Software",Seed,3515000,New Delhi,Appwharf is an intelligent assistant that helps find you the best-fit SaaS for your business.
Antariksh Waste Ventures Pvt ltd,"Internet of Things, Waste Management",Seed,73000,Chennai,Waste Management for Smart Cities
Cogoport,"Air Transportation, Freight Service, Logistics, Marine Transportation",Series A,6000000,Mumbai,Cogoport is a platform that provides freight buying industry with spot rates and bidding process for freight buyers.
PaisaDukan,Financial Services,Seed,650000,Mumbai,A P2P lending marketplace platform
Sleepy Owl Coffee,Food and Beverage,Seed,5110000,New Delhi,"Makers of a signature coffee that's exceptional in taste. It's super easy to brew, requires no equipment & ships to your door."
BlueJack,Autonomous Vehicles,Seed,9344000,Delhi,Delhi-based online used vehicles marketplace.
PregBuddy,"Enterprise Software, Health Care, Hospital, Parenting, Personal Health, SaaS",Seed,3515000,Bengaluru,PregBuddy is a smart connected care platform for expecting mothers.
AgNext Technologies,"Agriculture, Analytics, Big Data, Farming",Series A,3515000,Mohali,AgNext is an agricultural sensing and solutions company focused on building data-driven solutions for agricultural stakeholders
Pando,"Logistics, Supply Chain Management",Seed,2000000,Chennai,A startup which digitizes logistics operations for Fortune 500 companies.
Mintifi,"Financial Services, Lending",Seed,2000000,Mumbai,Online lending startup based in Mumbai.
Carcrew,"Automotive, Marketplace, Online Portals",Seed,2000000,Mumbai,India's Online Auto Repair Marketplace
NicheAI,Artificial Intelligence,Angel,3515000,Hyderabad,Early stage Artificial Intelligence (AI) start up.
Chariot Tech,"Internet of Things, Telecommunications",Seed,2920000,New Delhi,Chariot Tech is an Internet of Things (IoT) startup based in New Delhi.
Ideal Insurance Brokers/ 121Policy.com,Insurance,Seed,1000000,Kolkata,Ideal Insurance Broking is one of the leaders in insurance broking domain.
Loanzen,Financial Services,Seed,3515000,Bangalore,Loanzen helps small businesses get unsecured working capital loans against their their pending invoices.
Mojro Technologies,"Information Technology, Logistics, Supply Chain Management",Seed,650000,Bengaluru,Mojro envisions to be the world's largest technology-enabled logistics platform.
Elemential,"Blockchain, Developer Tools, Enterprise Software",Seed,1000000,Mumbai,"Blockchain Development Platform To Design, Run & Scale Blockchain Networks."
Loadshare,"Industrial Automation, Logistics, Supply Chain Management",Series A,5000000,Bengaluru,LoadShare is India’s fastest growing logistics company
Yumlane,"Food and Beverage, Food Delivery, Snack Food",Series A,4000000,Mumbai,Food startup Yumlane operated by QwikPik Technology
Kriger Campus,Education,Seed,4380000,New Delhi,A Education Start Up.
Pipa+Bella,"E-Commerce, Fashion, Jewelry, Retail",Series A,1000000,Mumbai,Pipa+Bella is an online store aimed at selling fashionable and affordable costume jewelry at par with international standards and trends
Kaleidofin,Financial Services,Seed,2800000,Chennai,A fintech platform.
Chakr Innovation,Renewable Energy,Seed,3515000,New Delhi,Chakr has developed the world’s first retro-fit emission control device for diesel generators.
IndigoLearn,"E-Learning, Education",Seed,150000,Hyderabad,India's the premier education destination catering to the needs of aspiring students of the CA community.
UClean,"Clean Energy, CleanTech, Laundry and Dry-cleaning",Seed,5840000,India,UClean is a tech enabled laundry service provider.
Coutloot,"E-Commerce, Fashion, Mobile",Seed,1000000,Mumbai,The Fashion Re-commerce platform.
Letstrack,"Apps, Messaging, Navigation, Public Safety",Seed,1700000,New Delhi,"Letstrack GPS tracking devices to track your kids, bike, car and other vehicles. GPS trackers for Vehicle Tracking System in India."
Pooltoo,Transportation,Seed,3515000,New Delhi,Pooltoo offers a premium ride sharing platform.
Finzy,"Financial Services, Lending",Seed,1300000,Bangalore,finzy is the premier peer to peer lending solution in India.
Fitternity,"Fitness, Health Care, Wellness",Seed,2000000,Mumbai,India's largest online fitness platform that provides an integrated eco-system to help users start & sustain their fitness journey
Keito,"Artificial Intelligence, Machine Learning, SaaS, Virtual Assistant",Seed,3515000,Pune,Building an Intelligent Digital Assistant.
Tolet for Students,Hospitality,Seed,730000,Jodhpur,"Reserve your Room, Hostel or Paying Guest, while relocating for higher education."
Chai Kings,"Food and Beverage, Tea",Seed,2920000,Chennai,Chai Kings is a tea retail chain
Dainik Jagran,"Media and Entertainment, News, Outdoors",Seed,5840000,Kanpur,Dainik Jagran is a media and communications group.
Playtoome,"Broadcasting, Media and Entertainment, Music, Music Streaming, Video, Video Streaming",Seed,2920000,Bengaluru,Playtoome is a live entertainment destination
ONGO Framework,"B2B, Information Services, Information Technology",Angel,1000000,Hyderabad,ONGO Framework is a B2B IT and digital solution provider.
Notesgen,"EdTech, Education, Enterprise Software, Peer to Peer",Seed,1825000,New Delhi,A Global Peer-to-Peer and Peer-to-Group Learning Platform that helps students supplement their academic & competitive exam prep.
Arogya MedTech,"Health Care, Medical",Seed,2190000,Kolkata,Arogya MedTech is a Research & Development organization in Bio-Medical industry.
Propshop24,E-Commerce,Seed,500000,Mumbai,"Propshop24, a one-stop shop for a handpicked selection of 'fun'tastic products from around the world."
myUpchar,"Health Care, Hospital, Wellness",Series A,5000000,New Delhi,To bring health issues to people in their language.
MissMalini Entertainment,,Seed,15184000,Mumbai,"MissMalini Entertainment is a multi-platform new media network dedicated to Entertaining, Connecting & Empowering young Indians."
Rooter,Sports,Seed,6570000,India,Rooter is a mobile-based platform
ZestMoney,"Big Data, Consumer Lending, FinTech",Series A,13400000,Bangalore,Zest is India's first completely automated consumer digital lending platform.
alphaics Corporation,"Cloud Computing, Computer, Semiconductor",Seed,3515000,Bengaluru,Advancing AI compute
MyDentistChoice,"Health Care, Medical, Pharmaceutical",Seed,500000,Hyderabad,MyDentistChoice is a direct sales and distribution of dental equipment and accessories from top name manufacturers
Sattviko,"Food Processing, Retail",Angel,3515000,New Delhi,Sattviko fosters wellness and shares Indianness through the Sattvik way of cooking that is wholesome and tasty!
Sensibull,Trading Platform,Seed,3650000,Bangalore,Investment Management Platform
Bombay Shaving Company,"Consumer Goods, Lifestyle, Men's",Series A,3515000,New Delhi,Bombay Shaving Company is a Men's grooming startup
MedCords,Wellness,Seed,3854400,Pune,Medcords is India’s first holistic healthcare ecosystem on a cloud platform that makes health management easier
University Living,Education,Seed,3515000,New Delhi,University Living is an online global student housing marketplace.
&ME,"Food and Beverage, Food Processing, Nutrition",Seed,3515000,Bangalore,Food and Beverage startup focussing on developing products using ayurveda with modern science for women empowerment and fitness.
Enakshi,Fashion,Seed,1168000,Ahmedabad,Enakshi is an online apparel brand for women.
Ultraviolette Automotive,"Automotive, Electric Vehicle, Energy Storage",Series A,8760,Bangalore,Ultraviolette is a startup working on electric two-wheelers and energy infrastructure.
Inthree Access,"Consulting, Retail, Social",Series A,4000000,Chennai,Inthree Access is an impact venture that connects the most inaccessible rural markets with products that can transform lives in Rural India.
BUGWORKS Research India,"Biotechnology, Life Science, Pharmaceutical, Product Research",Series A,9000000,Bangalore,BUGWORKS is a drug discovery company.
Guardian.in,Health Care,Seed,3515000,Mumbai,GNC is a leading global specialty retailer of health and wellness products that takes pride to be the world's largest company
PrestLoans,"Credit, Financial Services, FinTech, Personal Finance",Seed,100000,New Delhi,"PrestLoans New age tech driven RBI regd NBFC helping businesses by providing easy, quick n hassle free loans."
Wimoxez,Internet,Seed,20000,Hyderabad,"Data Intelligence Publishing Platform, We bring the best resources to learn valuable technologies which will shape tomorrow."
India Accelerator,"Communities, Coworking, Incubators",Angel,3515000,Gurgaon,India Accelerator runs mentorship-driven incubation and acceleration programs for start ups.
HappyEMI,"Consumer, Financial Services, FinTech",Seed,1000000,Bangalore,HappyEMI is a point of sale digital lending platform that helps consumers finance their purchases in-store and online
Wishup,"Consumer Applications, Information Services, Location Based Services, Virtual Assistant",Seed,3515000,Azadpur,Premium Personal Assistance service
Hansel.io,"Mobile, Mobile Apps, Personalization, Test and Measurement, Web Apps",Series A,4000000,Bangalore,"Hansel, a mobile app management platform, provides the infrastructure that companies need, in order to personalize product experiences."
Propelld,"Education, Financial Services, FinTech",Seed,250000,Bengaluru,Propelld is a student education financing platform.
PivotRoots,"Advertising, Consulting, Digital Marketing",Series A,3515000,Mumbai,Digital Marketing powered by Data & Technology; fueled by Design thinking
ZiffyHomes,"Marketplace, Real Estate, Rental Property",Seed,120000,New Delhi,ZiffyHomes is a technology driven marketplace to find out home on rent.
Carmesi,Health Care,Seed,4964000,Gurgaon,Carmesi is a brand of high-end menstrual-hygiene products in India.
OckyPocky,"E-Learning, Internet, Video Games",Angel,3515000,Haryana,OckyPocky is a interactive and personalised language learning app for preschool kids.
Racetrack,"Artificial Intelligence, Cloud Computing, Video",Seed,49932000,Bangalore,"Racetrack is a sales and support-focused AI-driven platform designed for education, real estate, and e-commerce sectors."
WHR,"Health Care, Information Technology",Seed,143145,Pune,"WHR is to make affordable healthcare a reality for all. Our vision is to make healthcare services easier, better and more accessible."
Asteria Aerospace,Aerospace,Seed,3515000,Bangalore,Asteria Aerospace is a robotics and artificial intelligence company.
FabAlley,"E-Commerce, Fashion, Lifestyle",Series B,87600000,Noida,"FabAlley is the ultimate Indian fashion destination for fashion-forward, indie-chic girls. Founded in 2012, Tanvi Malik and Shivani Poddar"
Tranzmeo,"Artificial Intelligence, Business Intelligence, Industrial Automation, Machine Learning",Pre-Seed,3515000,Cochin,Tranzmeo Connect : is A Complete Comprehensive Anomaly forensic Solution with Actionable Insights.
SBI Life,Insurance,Private Equity,742000000,Mumbai,SBI Life is one of the life insurance company that offers a range of life insurance plans and policies to protect you and your family.
Studds Accessories,E-Commerce,Private Equity,146000000,Faridabad,Studds Accessories is a scooter accessories service provider in India
Design Cafe,"Home Decor, Home Improvement, Home Renovation, Home Services, Interior Design, Smart Home",Series B,292000000,Bengaluru,"Design + Execution Organization that delivers beautiful & innovative designs for Home Interiors, in any budget."
NoPaperForms Solutions Pvt. Ltd.,"EdTech, Education, Information Services, SaaS",Series B,3980000,New Delhi,"NoPaperForms is a marketing automation, lead nurture and enrolment management platform for educational institutions"
Rays Power Infra,"Energy, Solar",Venture - Series Unknown,292000000,Jaipur,Rays Power Infra is a leading integrated Solar Power Company.
AuthMetrik,"B2B, Biometrics, Cyber Security, Fraud Detection, SaaS, Security",Grant,10000,Gurgaon,"SaaS, B2B, Security, Stop account sharing, Fraud Detection"
Khidki,"Artificial Intelligence, Social",Seed,3515000,Bangalore,Vernacular Social Network Focused on Town Level Content and Interactions
LetsTransport,"Logistics, Transportation, Travel",Series B,146000000,Bangalore,Lets transport is a logistics solution provider.
Next Digital Solutions,"Digital Marketing, SEM, SEO, Web Development",Angel,14600,Kota,Next Digital Solutions is website design & Digital Marketing development company.
Portea Medical,"Health Care, Hospital, Medical",Debt Financing,36500000,Bangalore,Portea Medical is the largest and fastest growing provider of in-home medical care in India today with a 24-city network.
Aavas Financiers,"Finance, Financial Services",Post-IPO Debt,292000000,Jaipur,"Aavas Financiers is engaged in the business of providing housing loans, primarily in the un-served, unreached and under-served market."
Swiggy,"Food Delivery, Food Processing, Internet",Series H,1000000000,Bangalore,Swiggy is a food ordering and delivery company that provides food service solutions for restaurants.
Milkbasket,"E-Commerce, Food and Beverage, Internet",Series A,7000000,Haryana,"Milkbasket delivers milk, bread, eggs, butter, juices and other daily need items, every morning, right at your doorstep, free of charge."
Nutrisattva (Proliva),"Fitness, Food and Beverage, Health Care, Nutrition",Angel,3515000,Anand,Nutrisattva is a protein innovation compan
Toppr,"EdTech, Education, Knowledge Management",Series C,35000000,Mumbai,Toppr.com is an online preparation platform for entrance exams in India.
Jagaran Microfin,,Debt Financing,80300000,Kolkata,Jagaran Microfin is a Microfinance institution which achieves a healthy amalgamation of social and financial
Vivriti Capital,Financial Services,Venture - Series Unknown,28500000,Chennai,Vivriti Capital is an online platform for institutional debt in India.
Be U Salons,"Apps, Beauty, Consumer, Retail",Seed,4380000,New Delhi,Be U is India's first subscription based Salon Chain.
Impact Guru,"Creative Agency, Crowdfunding, EdTech, Health Care, Internet, Medical, Non Profit, Personal Health",Series A,2000000,Mumbai,"We're a Harvard incubated crowdfunding platform for nonprofits, social enterprises, startups and individuals."
MobiKwik,"Consumer Lending, Financial Services, FinTech, Insurance, Lending, Mobile Payments, Payments, Wealth Management",Series E,35040000,Gurgaon,MobiKwik is a payments backed fintech platform in India. MobiKwik App offers instant loans & investment products to the 500M masses of India
Stones2Milestones,"E-Learning, Education, Higher Education",Seed,3515000,Gurgaon,Stones2milestones is a Gurgaon Based Learning Company.
Generico,"Health Care, Medical, Pharmaceutical",Series A,3515000,Mumbai,Generico is the fastest growing specialized pharmacy retail chain of Generic medicines.
Adiuvo Diagnostics,Health Diagnostics,Seed,3515000,Chennai,Adiuvo Diagnostics is a medical diagnostic device company based in India.
DataTrained,"EdTech, Education",Seed,17520000,Bangalore,"DataTrained is a educational platform, which operates an ed-tech startup on data science"
OneAssist,"Financial Services, SaaS, Security",Debt Financing,2400000,Mumbai,OneAssist is a protection & assistance services platform.
Satin Creditcare Network Limited (SCNL),"Banking, Finance, Financial Services, Non Profit",Post-IPO Debt,30000000,New Delhi,Satin is a non-banking finance company providing individual loans to urban shopkeepers.
APAC Financial Services,"Finance, Financial Services",Private Equity,365000000,Mumbai,APAC Financial Services is a financial services platform.
Moglix,"B2B, E-Commerce, Mobile",Series C,23000000,Noida,"Moglix is a supplier of industrial tools like hand tools, power tools, electrical, and safety equipment."
SEDEMAC Mechatronics,"Automotive, Electric Vehicle, Renewable Energy",Venture - Series Unknown,3515000,Mumbai,SEDEMAC Mechatronics is technology company that distributes control-intensive products for automobiles.
MadGuy Labs,E-Learning,Venture - Series Unknown,150000,Hyderabad,MadGuy Labs is a Online Test-prep Platform.
Dee Dee Labs,"Embedded Systems, Health Care, Medical, Product Research",Seed,3515000,Pune,Dee Dee Labs is design and development lab with a primary focus on the development of next generation of bionic prostheses.
FLEECA,,Seed,3515000,Jaipur,FLEECA is a Tyre Care Provider company.
Shop101,"Apps, E-Commerce, Internet",Series B,11000000,Mumbai,#1 Online Selling App. India’s leading social commerce platform. Setup free online store in 2 min. Sell own goods or resell Shop101 Supply.
FeedMyPockets,"Advertising, Human Resources, Marketing",Seed,6424000,Bangalore City,On Demand Staffing Platform
Housejoy,"Beauty, Fitness, Home Services, Internet",Series B,3240000,Bengaluru,Housejoy is a web-based platform that allows individuals to browse and book service providers for their homes.
Ambee,"Health Care, Medical Device, Public Safety",Angel,3515000,Bangalore,Ambee is an Environment analytics startup.
FoodBuddy,"Food Delivery, Online Portals, Restaurants",Seed,8760000,Belgaum,"FoodBuddy is a online food delivery portal, providing boundary breaking delivery."
Ninjacart,"AgTech, B2B, Supply Chain Management",Series B,365000000,Bengaluru,Ninjacart is a B2B agri-marketing platform that connects vegetables and fruits farmers directly with businesses.
Olly Smart Credit Card,"Credit Cards, Finance, Mobile Apps, Mobile Payments, Payments",Seed,3515000,New Delhi,Olly is a digital credit card for India's working masses and young people.
Zestl,Software,Seed,3515000,Pune,"No-Code Workflow Automation. Build enterprise applications in days with AI, Cognitive Automation, Collaboration and more built in."
BYJU’S,"EdTech, Education, Higher Education, Secondary Education",Private Equity,540000000,Bangalore,BYJU’s is an edtech company that is reinventing how students learn through its learning app.
Wakefit,"Manufacturing, Retail",Venture - Series Unknown,94900000,Bangalore,Wakefitkart is a mattress manufacturing company. We manufacture the best quality mattresses at affordable prices.
Hero Electric,Manufacturing,Venture - Series Unknown,233600000,New Delhi,"Hero Electric, a 100% subsidiary of the Hero Group, is a pioneer in the Indian Electric Vehicle Industry."
Pentation Analytics,"Information Services, Information Technology, InsurTech",Seed,3515000,Mumbai,Pentation as an Insurtech enables insurers and intermediaries with our Insurance Analytics Suite- an Insurance specific AI/ML Software Suite
PerkFinance,"Consumer Lending, FinTech",Seed,900000,Bangalore,PerkFinance partners with employers to provide affordable loans to their employees at no cost to the company
Roposo,"Internet, Social Network, TV",Series C,10000000,Gurgaon,Roposo - TV by the People is a unique social media platform where people express visually with homemade videos and photos.
Plum Goodness,"Beauty, Health Care",Series A,3515000,Thane,Plum Haircare Is Silicone-Free & Sulphate-Free. Designed For Damaged & Dandruff-Free Hair
Drstore,Hospital,Seed,3515000,Mumbai,Drstore is a exclusive e- commerce platform.
Wow Venue,Events,Venture - Series Unknown,1500000,Mumbai,Wow Venue is an online platform.
Chizel,"3D Printing, Manufacturing, Product Design",Seed,3515000,Pune,Chizel is a worlds most advanced cloud platform for on-demand manufacturing in 3D Printing and CNC Machining
OTO Capital,Automotive,Seed,7300000,Mumbai,OTO Capital is a platform that allows you to own a car faster than ever.
Boodmo,"Automotive, Retail",Seed,10220000,Gurgaon,boodmo.com - large online marketplace for auto parts in India.
Khabri,"Apps, Audio",Seed,3515000,Haryana,Khabri is a digital audio platform for content in vernacular.
MyNewCar.in,"Automotive, E-Commerce",Venture - Series Unknown,1000000,Gurgaon,MyNewCar.in offers new cars at best price with great deals. Book a new car online or request a doorstep test drive
HalaPlay Technologies,"Digital Entertainment, Fantasy Sports, Sports",Series A,5000000,Bangalore,A daily fantasy sports platform.
PlanetSpark,"E-Learning, EdTech, Education",Seed,2336000,Gurgaon,PlanetSpark is an after-school Maths and English learning program for pre teen kids between Grades 2nd to 7th.
WheelsEMI,,Series B,14000000,Pune,"WheelsEMI is the brand name of NBFC, WheelsEMI Pvt. Ltd."
Forum for Innovation Incubation Research and Entrepreneurship,"Funding Platform, Incubators, Non Profit",Grant,14965000,Margão,"FiiRE, a technology business incubator helps the startup process to move from the garage to the lab."
OYO,"Hospitality, Hotel, Leisure, Travel",Series E,100000000,Gurgaon,OYO is an Indian hospitality startup that operates a network of budget hotels.
Quikr,"Classifieds, Internet, Marketplace, Rental Property",Debt Financing,80300000,Bangalore,"Quikr is a free classifieds and online marketplace that helps users sell, buy, rent, or discover anything across India."
Tabono,Sports,Seed,3515000,Gurgaon,Tabono is a one stop environment for all your fitness solution.
LearnApp,"Banking, E-Learning, Trading Platform",Seed,2920000,Noida,"Learnapp.co - Video courses & live classes in investing, trading, banking and finance."
Shopkirana,"E-Commerce, Mobile, Retail",Venture - Series Unknown,2000000,Indore,Shopkirana connects brands and traditional retailers with the help of technology and supply chain innovation.
Fric Bergen,,Venture - Series Unknown,3515000,Alwar,Fric Bergen is a leader in the specialty food industry.
Articbot,"Artificial Intelligence, Information Technology",Grant,175200,Kannur,Articbot is a conversational AI platform for automated customer support and lead generation
BuildSupply,"Enterprise Resource Planning (ERP), Information Services, Information Technology, Real Estate",Series A,36500000,Gurgaon,India’s most advanced ERP system for the real estate
Fusion Microfinance,"Banking, Finance, Financial Services",Series E,759200000,New Delhi,Fusion Microfinance Pvt. Ltd. is an NBFC registered with RBI
Any time Doctor,Software,Angel,3515000,Chennai,Anytime Doctor is a Software company.
Go Payments,"Information Services, Information Technology",Corporate Round,3515000,Mumbai,Go Payments was founded with the mission of assisting consumers with performing a whole host of financial services at their doorstep.
Guiddoo World,"Audio, Mobile, Tourism, Travel",Seed,800000,Mumbai,We build In-Destination Experiences!
ION Energy,"Energy, Energy Storage, Infrastructure",Venture - Series Unknown,1041000,Mumbai,A stealth startup building a layer of infrastructure for highly efficient energy storage systems.
UnoTag,Artificial Intelligence,Pre-Seed,100000,Bangalore,SaaS to verify counterfeit
CivilCops,"Government, Information Technology, Software",Pre-Seed,100000,Gurgaon,Gov-Tech
Rockmetric,Information Technology,Grant,3515000,Mumbai,"Smarter analytics to understand how each customer uses your product. Drive growth in conversion, retention and engagement."
Classworks India,"Education, Information Technology, Internet, Mobile, Software",Undisclosed,14600,Chennai,"Saas, Web App, Mobile App, School Education"
Snapmint,"Consumer Lending, Financial Services, Lending, Personal Finance",Seed,3515000,Mumbai,"Snapmint facilitates simplified, fairly-priced and hassle-free EMI options without a Credit Card."
artbandhu,"Digital Media, Internet, Media and Entertainment, Online Portals, Social Media",Pre-Seed,15000,Bangalore,Ai platform for Art and Creative Community
Survaider,"Business Intelligence, Customer Service, Market Research, SaaS",Seed,500000,Bengaluru,Stethoscope for customer feedback !
Credy,"Credit, Financial Services, FinTech, Lending",Seed,1400000,Bengaluru,Credy is a fintech platform that connects borrowers seeking capital with lenders seeking market beating returns.
iChamp,E-Learning,Seed,5000000,Gurgaon,iChamp is an e education innovation product from RNM E-Services Pvt Ltd.
Qandle,Software,Seed,1200000,Gurgaon,A cloud-based HR management and employee engagement platform.
Avishkaar Box,"Children, Education, Parenting",Seed,7300000,Delhi,"Avishkaar Box is just not another box full of material rather it is a well researched, thought through solution"
Gegadyne Energy,"Automotive, Battery, Energy, Energy Storage",Angel,3515000,Mumbai,A Mumbai-based startup Electric Vehicle (EV) & Energy Storage company.
HyperXchange,"E-Commerce, Mobile, Sharing Economy",Series A,1000000,Pune,hyperXchange is India's fastest growing O2O marketplace for premium refurb gadgets
Deftouch,,Seed,3515000,Bangalore,Deftouch is a mobile game development company that currently focuses on winning the Cricket gaming market with a social multiplayer game.
Doodhwala,"Food Delivery, Organic, Organic Food",Seed,2200000,Bengaluru,Doodhwala is an online milk delivery startup that offers over 70 varieties of milk along with a plan based on clients' requirement.
DronaHQ,Mobile,Angel,500000,Mumbai,DronaHQ is an enterprise mobile engagement platform.
FastFox,Rental,Series A,14600000,Gurgaon,FastFox: Market Network for Home Rentals (India)
Colive.in,Consumer,Seed,1800000,Bangalore,A technology powered network of Branded Serviced Homes conveniently located near educational institutions & workplaces.
Agricxlab Private Limited,"B2B, Farming, Marketplace",Seed,500000,Thane,Online marketplace where farmers and traders can sell their produce to B2B buyers
Corefactors,,Seed,3515000,Bangalore,"Corefactors is a leading campaign management, business communication and analytics company."
Fincash.com,Wealth Management,Seed,150000,Mumbai,A startup in the personal finance space in India .
Pandorum Technologies,Biotechnology,Series A,3600000,Bengaluru,Bengaluru based biotech startup.
Shirsa Labs,"Education, Gaming, Training",Seed,500000,Mumbai,Shirsa Labs is a cognitive skill assessment and training portal that provides children with fun educational games.
PetSutra,Veterinary,Seed,1387000,Gurgaon,Gurugram-based Online petcare platform.
Awaaz De,"Internet, Mobile, Social Entrepreneurship, Telecommunications, Wireless",Angel,3515000,Ahmedabad,Awwaz.De develops inclusive mobile solutions that enable organizations to achieve last-mile connectivity for social impact.
PinkBlue,"Health Care, Hospital, Supply Chain Management",Seed,300000,Bangalore,PinkBlue.in - Super-efficient supply-chain for clinical supplies
Eduvanz,"Finance, Financial Services",Angel,500000,Mumbai,"Eduvanz is new, innovative finance company, which is completely revolutionizing the student loan market."
Rupeek,"Financial Services, Lending",Series A,6830000,Bangalore,Rupeek is an asset backed online lending platform currently operating in the space of Gold loans.
Backpacker Panda Holidays Private Limited,"Tourism, Travel",Series A,1400000,Pune,Backpacker Panda is creating an ecosystem for youth accommodation and travel.
Shape (School Health and Physical Education),Education,Seed,200000,Pune,Physical education start up
Placio,"Hospitality, Real Estate",Seed,2000000,Noida,Placio is a student housing and a complete broker-free platform.
Aviom India Housing Finance,Finance,Series A,21900000,New Delhi,Delhi based housing finance company.
GenRobotic,Market Research,Seed,3515000,Trivandrum,A Robotic Company.
HeyHolidays,"Tourism, Travel",Seed,1000000,Bangalore,"HeyHolidays, a global player in online vacation rentals."
Pratilipi,"Digital Media, EBooks, Publishing, Reading Apps",Series A,4300000,Bengaluru,Amazon's Kindle Direct Publishing for Indian Languages
SectorQube,"Consumer Electronics, Embedded Systems, Hardware, Smart Building, Software",Seed,3515000,Ernakulam,SectorQube develops smart kitchen devices that make food automatically.
Food Memories,"Food and Beverage, Food Processing",Seed,3515000,Ahmedabad,Iconic Indian Delicacies from the most renowned vendors of India Delivered Globally.
ZAMROO,"Internet, Marketplace, Shopping",Seed,3515000,India,Zamroo is a growing mobile marketplace that allows users to buy and sell locally.
Silversparro Technologies Pvt. Ltd,"Analytics, Computer Vision, Enterprise Software, Machine Learning, Natural Language Processing, Speech Recognition",Seed,300000,Gurgaon,Silversparro is a deep learning technology solution provider.
Creator’s Gurukul,Facilities Support Services,Angel,3515000,Gurgaon,A coworking space provider.
Emflux Motors,"Automotive, Electric Vehicle, Energy",Seed,364846,Bengaluru,Emflux Motors is committed to bring clean and sustainable energy into a state of universal acceptance through technological innovation.
Tricog Health Services Pvt Ltd,"Health Care, Health Diagnostics, Predictive Analytics",Series A,4000000,Bangalore,Predictive Healthcare Analytics Company
Scapic,"Cloud Computing, Computer, SaaS, Software",Seed,500000,Bangalore,Virtual/Augmented Reality Start Up .
6Degree,"Fashion, Lifestyle, Retail",Seed,400000,Mumbai,A fashion enterprise that provides a launchpad to fashion talent and brands using a tech enabled platform
Chrysalis (EZ Vidya),Education,Seed,3515000,Chennai,Chrysalis (EZ Vidya) is India’s leading educational research and innovation organization
Ekincare,Medical,Series A,1500000,Hyderabad,EKincare empowers you to take charge of your health by enabling you to monitor critical medical info and make it available anywhere.
Streo,Music Streaming,Seed,3515000,Gurgaon,"Live stream music from nightclubs, bars & festivals!"
Groww,"Finance, Impact Investing, Internet",Seed,120000,Kormangala,Groww offers a new way of investing money.
Cell Propulsion,,Seed,1022000,Bangalore,Cell Propulsion is an electric mobility startup that designs autonomous electric vehicles.
Chezuba,"Internet, Social Entrepreneurship",Angel,204400,Hyderabad,Chezuba is a web-based platform enabling skilled professionals to volunteer online with Non-profits worldwide
Ontrack Technologies Pvt. Ltd,Retail,Seed,3515000,Bangalore,Ontrack provides affordable independent transport to those dependent on cabs and autos for commute by renting bikes on a monthly basis.
Wealthtrust,"Finance, Impact Investing, Mobile Apps",Seed,500000,Mumbai,Wealthtrust offers a wealth manager application that enables its users to invest and manage their investments online.
Faclon Labs,"Cloud Computing, Computer, Software",Seed,3515000,Mumbai,Faclon is an IoT and data analytics based tech startup building products to make cities and villages smart.
Awign Enterprises,"Business Development, Market Research, Outsourcing",Seed,7300000,Bangalore,Operations and manpower outsourcing startup
CollPoll,Education,Seed,3515000,Bangalore,World-class Enterprise System for Education.
Zyla Health,"Health Care, Hospitality",Seed,3515000,New Delhi,Zyla is transforming the way healthcare is delivered in India with specific focus on high-risk chronic patients.
Hubhopper,"Internet, Social News, Sports",Series A,500000,Delhi,Get your daily dose of interest as summaries from news and magazine stories .
Rubix108 Technologies,Information Technology,Seed,1000000,Pune,Rubix Total App makes it effortless for Institutes to send home important information and updates about the day’s learning experiences.
Workflexi,Human Resources,Seed,1460000,Bangalore,"Be Smart, Work on Contract,Be Smart, Hire on Contract"
Streak,Financial Services,Seed,3285000,Bangalore,Algorithmic trading platform.
Kuants,Financial Services,Seed,730000,Gurgaon,Algorithmic trading platform.
NiYO Solutions,"Finance, Financial Services, FinTech",Series A,13200000,Bangalore,NiYO is a fintech company that helps salaried employees access company benefits and other financial services.
Hippo Video,"Customer Service, Software, Video, Video Streaming",Seed,3515000,Chennai,A video recording and sharing software.
Satvacart,"E-Commerce, Food Processing",Seed,3515000,Gurgaon,Satvacart is a Gurgaon’s largest online supermarket
Daaki,Health Care,Angel,3515000,Bangalore,Sports Nutrition startup
Simulanis,Training,Seed,500000,New Delhi,A Delhi-based Augmented Reality and Virtual Reality technology development company.
MY CHIRAAG CAB,Travel,Seed,1000000,Jaipur,MY CHIRAAG CAB SERVICES PVT LTD
WOTU,Food and Beverage,Seed,3515000,Bangalore,It operates a business-to-business e-commerce portal for food and beverages.
Flathalt,,Angel,50000,Gurgaon,FInd your Customized Home here.
True Elements,"Dietary Supplements, Food and Beverage, Health Care, Organic Food, Snack Food",Seed,7300000,Pune,True elements offers a range of high-quality snacks and supplements that are inspired by natural foods consumed by our ancestors.
Trendlyne Technologies,Financial Services,Seed,200000,Bangalore,Trendlyne Technologies is a stock market analytics platform and marketplace for retail investors.
Planys Technologies,"Manufacturing, Oil and Gas, Robotics",Series A,20469200,Chennai,Planys Technologies is India’s first and only manufacturer of compact ROVs providing underwater robotic inspection and survey solutions.
HealthPlix,"Fitness, Health Care, Wellness",Series A,3000000,Bangalore,HealthPlix is a healthtech startup
dishq,,Seed,400000,Bengaluru,dishq leverages food science and machine learning (AI) to understand and predict people's tastes.
Entropik Technology,"Artificial Intelligence, Computer, Machine Learning",Seed,1100000,Bengaluru,The boundaries between Human and Machines are shrinking fast.
myHQ,"Collaboration, Communities, Coworking, Sharing Economy",Series A,500000,Delhi,myHQ turns your everyday coffee space into a perfect work zone. Get an amazing work environment without paying any rent.
Trell,,Seed,1250000,Bangalore City,Trell is a location based network which helps you in exploring amazing experiences and annotating places around you.
Kidovators (by GyanLab),"Big Data, EdTech, Machine Learning",Seed,180000,Bangalore,Building future human capital through 21st Century Skills programs for K-12
Log 9 Materials,Nanotechnology,Seed,4380000,Uttar Pradesh,Log 9 Materials is a nano-materials manufacturing and RnD startup
VTION,"Analytics, Audio, Digital Media, Innovation Management, Internet Radio, Media and Entertainment",Seed,2803200,Gurgaon,VTION is a media technology innovation firm aiming to solve key problems in the media based ecosystem.
HousingMan.com,,Seed,15038000,Bengaluru,"New Apartments, Flats for Sale in Bangalore"
Steradian Semiconductors,,Seed,3515000,Bangalore,It is a fabless semiconductor company focused on CMOS millimeter wave products for Radar.
RupeeCircle,"Financial Services, Lending, Peer to Peer",Seed,5840000,Mumbai,RupeeCircle is a new age finance company.
Wooden Street,"E-Commerce, Furniture, Home Decor, Interior Design, Internet",Series A,1000000,Jaipur,Woodenstreet.com ensures to fulfill customer’s unique furniture requirements by crafting one-of-a-kind furniture pieces.
The Ken,Digital Media,Series A,1500000,Bengaluru,The Ken is India’s first subscriptions-only business news site
SaffronStays,,Seed,2000000,Mumbai,SaffronStays connects travellers to India's Incredible hosts.
Vebbler,"File Sharing, Personalization, Social Media",Seed,3515000,Bengaluru,A personal network for close people
Foyr,"Home Decor, Interior Design",Series A,4200000,Pune,"Foyr.com is India's first online, automated interior designer"
MEngage,"Health Care, Medical Device, Mobile Apps",Seed,175000,Jaipur,MEngage is a mass consumer engagement application for doctors on both android and IOS platforms.
Inner Being Wellness,,Angel,5110000,Hyderabad,"Inner Being Wellness manufactures beauty, wellness, and nutrition products."
Kobster,"E-Commerce, Facilities Support Services, Procurement, Supply Chain Management",Seed,3515000,Chennai,Kobster is a pioneer of B2B eProcurement and an eMarketplace providing Corporates an end-to-end solution for their procure-to-pay cycle.
Wishberry,"Crowdfunding, Finance, Financial Services",Series A,14600000,Mumbai,Wishberry is a rewards-based crowdfunding platform that enables users to raise funds for their creative and innovative ideas.
McXtra,"Finance, Financial Services, Insurance",Seed,1300000,Andheri,McXtra is a digital insurance broking startup.
Magic Crate,"Children, Education, Online Portals",Seed,3515000,Bangalore,"Magic Crate is a theme based stimulating, fun and learning activity box for 4-8 year olds that is mailed to your doorstep every month."
SmartVizX,"Software, Virtual Reality",Seed,1450000,Noida,It is a Virtual Reality Solutions StartUp
MySEODoc,,Seed,3515000,Delhi,"SEO, PPC, Search Engine Marketing, Social Media Optimization, Content Marketing, Brand Reputation Management"
ENLYFT DIGITAL SOLUTIONS PRIVATE LIMITED,,Seed,29200,Pune,Digital Marketing Agency
Scale Labs,,Seed,1000000,Delhi,Scale Labs is a cross border e-commerce solutions provider that drives global trade for brands.
HungerBox,"B2B, Food and Beverage, Food Delivery",Series A,4500000,Bengaluru,HungerBox is a full stack B2B F&B technology company delivering food solutions for the corporates in India.
Biryani By Kilo,"Catering, Food and Beverage, Food Delivery, Food Processing",Seed,1000000,Noida,BBK delivers both authentic taste of Hyderabadi and Lucknowi Biryani prepared in individual earthen Handis with the freshest ingredients.
Wholesome Habits (EAT Anytime),"Food and Beverage, Snack Food",Seed,500000,Mumbai,Wholesome Habits (EAT Anytime) is a healthy snacks Company.
GoBumpr,"Automotive, E-Commerce, Mobile",Seed,600000,Mylapore,Car Service and Bike Service Mobile App
Fixpocket,"Computer, Digital Marketing, Facilities Support Services, Graphic Design, Internet, Mobile Apps, Social Media Marketing, Web Development",Seed,250000,Ahmedabad,Fixpocket is a internet-based startup.
edureka!,"Android, Big Data, Blockchain, Cloud Computing, EdTech, Education, Information Technology, iOS, Training, Web Development",Series A,2000000,Bangalore,"Edureka is the fastest growing online learning platform that offers live, instructor-led courses for professionals from various industries."
Hashtag Loyalty Private Limited,"Analytics, CRM, Loyalty Programs, Machine Learning, Marketing Automation, Retail Technology, SaaS, Small and Medium Businesses",Seed,3515000,Mumbai,Hashtag Loyalty is a customer engagement and marketing automation tool for local businesses.
Wow Express,"Delivery, Information Technology, Mobile Apps",Series A,4500000,Mumbai,"WOW, as customers react to his studiously taught, trained, polite and courteous nature."
ZunRoof,"Environmental Consulting, Renewable Energy",Angel,2423600,Gurgaon,ZunRoof is a rooftop focused solar startup.
Eggoz,"Food and Beverage, Food Processing",Angel,1752000,Indore,Eggoz is a full-stack layer poultry business operator & service provider .
Sqrrl Fintech,"Big Data, Business Intelligence, Financial Services, FinTech, Personal Finance",Seed,1000000,Gurgaon,Personal Finance
GalaxyCard,"Finance, Financial Services, FinTech",Seed,3515000,Noida,GalaxyCard is a mobile based Instant credit card.
IndiQube,"Commercial Real Estate, Coworking, Office Administration, Real Estate",Series A,15000000,Bengaluru,IndiQube is a provider of co-working spaces based in Bengaluru.
EGK Foods,"Food and Beverage, Food Processing, Organic Food, Snack Food",Seed,2920000,Mumbai,A food processing enterprise registered with StartUp India .
NirogStreet,"Apps, Health Care, Internet, Mobile Apps, Personal Health",Seed,300000,Gurgaon,NirogStreet is an Ayurvedic doctor discovery and appointment booking platform where patients can easily find doctors and fix consultation.
Pixr8,"Digital Media, Incubators, Social Entrepreneurship",Seed,50000,Ghaziabad,Pixr8 is a global media platform dedicated to Start-ups and business organisations for promoting entrepreneurship work.
Nivesh.com,"Finance, Financial Services, Marketing",Seed,4380000,Noida,Nivesh.com is a mass market mutual funds investment platform.
Theranosis Life Sciences,"Biotechnology, Health Care, Life Science, Medical Device",Seed,3515000,Hyderabad,A fully functioning cell culture facility and molecular biology setup.
Poshmiles Online Solutions Private Limited,Travel,Seed,3515000,Bengaluru,Poshmiles aims to help point travellers to long weekend trips at popular and undiscovered destinations based on budget & interest.
Reculta,"Education, Human Resources",Seed,3515000,Noida,A campus recruitment solution provider.
Orbo.ai,Internet,Seed,3515000,Mumbai,Orbo is a computer vision and deep facial technology company.
Inntot Technologies,Consumer Electronics,Seed,3515000,Kochi,"Inntot Technologies, is a technology driven company."
Zoctr Health,"Apps, Health Care, Hospital, Mobile Apps",Seed,3515000,Powai,Zoctr Health Network is a first-of-its kind pan-India Home & Telehealth Company
Hey Deedee,"Delivery Service, Logistics, Service Industry",Seed,4818000,Mumbai,Hey Deedee is a Mumbai-based company that provides solutions to parcel delivery problems.
DigiConnectt Technologys,"Information Services, Information Technology",Seed,125000,Bengaluru,A technology company focused on introducing products that will accelerate and enhance sales productivity and effectiveness .
Locus.sh,"Big Data, Data Visualization, Logistics, Software",Series A,4000000,Bangalore,Locus is an intelligent logistics automation platform.
Sports Flashes Pvt. Ltd,"Basketball, Cricket, Cycling, eSports, Fitness, Golf, Health Care, Hockey, Sports, Swimming, Table Tennis, Volley Ball",Seed,1000000,New Delhi,"Sports Flashes operates a sports content app that provides sports news, live scores, fantasy gaming, expert views, trivia, and more."
Inc42,"Media and Entertainment, News, Publishing",Seed,3515000,New Delhi,Inc42 is one of the leading tech media publications of India.
Picxy,Internet,Seed,130000,Guntur,"A stock photo startup based in Amravati, Andhra Pradesh."
Huddle,Consulting,Seed,300000,Haryana,A coworking incubator Company.
Benepik,Human Resources,Seed,3515000,Gurgaon,HR Technology start-up.
Cash Suvidha,Finance,Seed,1000000,New Delhi,Cash Suvidha is an Digital Lending Platform that provide working capital finance to SMEs and MSMEs in India.
Smartcoin,"Big Data, Financial Services, Machine Learning, Predictive Analytics",Seed,2000000,Bangalore,Providing financial access to the millions of mobile users in India using alternative credit assessment
Carmel Organics,"Agriculture, AgTech, Manufacturing",Series A,3515000,Indore,"Carmel Organics is an India-based herb company engaged in sourcing, processing, and distributing herbal tea ingredients."
Roadcast,,Angel,250000,New Delhi,Transforming the way businesses deliver. Work-force & fleet mobility tools.
Printline Media(ThePrint),"Digital Media, News, Publishing",Seed,5095400,New Delhi,A digital news platform.
Creditas Solutions,Financial Services,Seed,3515000,Gurgaon,Creditas was set-up in 2015 with an aim to help Financial Institutions find better ways to reach and interact with their customers.
UrbanPiper,Software,Seed,3515000,Bengaluru,UrbanPiper offers restaurants and chains with a suite of products to manage and analyze their online presence.
Doxper,"Health Care, Hospital",Seed,10512000,Mumbai,Doxper is Health tech startup which has created a digital pen and coded paper system for doctors to record patient information
i2ifunding,"Crowdfunding, Finance, Financial Services",Angel,7300000,Noida,i2ifunding is an online marketplace that connects borrowers looking for personal loans with investors looking for alternative investments.
ShakeDeal,"B2B, E-Commerce, Enterprise",Seed,3515000,Bangalore,Home of B2B Commerce
HelloVerify,"Fraud Detection, Information Services, Security",Seed,3515000,Noida,HelloVerify is an online background check platform.
Fasal,"Agriculture, AgTech, Artificial Intelligence, Internet of Things, Machine Learning",Seed,120000,Bengaluru,Climate Smart Precision Agriculture Platform
CoinGeto,"Cryptocurrency, Trading Platform",Seed,17520000,Delhi,CoinGeto is one of India’s most advanced digital assets exchange.
Avail Finance,"Finance, FinTech, Mobile Payments",Series A,17200000,Bangalore,Avail is a mobile-first platform aiming to financially include the urban mass of India.
Tripeur,Information Technology,Seed,600000,Bengaluru,Radical Travel Automation - Cloud Based Corporate Travel & Expense Management Software
Wedeterna,Wedding,Angel,3515000,Bangalore,"Wedeterna is a new-age, personalised and fresh approach to arranged marriages, DIY matrimonial community with only self created profiles."
Stumagz,Digital Media,Seed,3515000,Hyderabad,Stumagz is about connecting with Stories Stumagz is about collaborating with people Stumagz is about creating a Cult.
Doubtnut,"E-Learning, EdTech, Education, Image Recognition, Machine Learning, STEM Education",Seed,5110000,Gurgaon,Gurgaon based E-learning platform.
MCaffeine,Consumer Goods,Seed,4672000,Mumbai,MCaffeine is India's First Caffeine Infuse Personal Care Brand. It's an extension to the hyperactive lifestyle and individualistic identity.
TrustCheckr,Information Technology,Angel,100000,Bengaluru,A Bengaluru-based fraud analytics solution provider .
HealthAssure,"Fitness, Health Care, Wellness",Seed,1000000,Mumbai,HealthAssure provides access to Discounted & High Quality primary care medical network.
Picture TIme,Digital Entertainment,Seed,36500000,New Delhi,Operator of low-cost mobile cinema theatres in rural areas.
1Crowd,"Crowdsourcing, Financial Services, Funding Platform, Venture Capital",Angel,3500000,Mumbai,Equity crowd funding platform focused on connecting investors with a host of extremely promising Indian start-ups and early stage ventures
Aarav Unmanned Systems,"Delivery, Drones, Geospatial, Robotics",Seed,3515000,Bangalore,Professional Drones for Enterprise Applications
Wellthy Therapeutics Pvt Ltd,"Health Care, Hospital",Seed,19710000,Mumbai,"Wellthy is a digital therapeutics company focused on improving patient health through the intersection of technology, and clinical outcomes."
Nua,Consumer Goods,Seed,3515000,Mumbai,Nua is an e-commerce and feminine care brand platform focused on creating women care products.
Kuvera.in,Financial Services,Angel,250000,Bangalore,An online platform for mutual fund investments.
Livehealth,"Health Care, Information Technology, Management Information Systems",Seed,1100000,Pune,Livehealth is an end-to-end collaborative report management solution. We help you get your medical reports instantly from various health
Gramophone,Farming,Seed,1000000,Indore,An agricultural inputs startup Company.
Ora,"Business Travel, Hospitality, Hotel, Marketplace, Tourism, Travel Accommodations",Seed,3515000,Kolkata,Ora is an online marketplace of unique accommodations. Awarded as among top 3000 startups in India by IIM Kolkata.
Buddy4Study.com,"Career Planning, Education, Higher Education, Service Industry",Series A,3000000,Noida,Buddy4Study is the best scholarship search engine for Indian students. It also helps organizations to set up their own scholarship schemes.
Predible Health,Medical Device,Seed,3515000,Bangalore,Healthcare devices for cancer detection
Syncremedies Healthcare Pvt Ltd,"Alternative Medicine, Health Care",Seed,3515000,Bangalore,"Syncremedies is an Integrated Medicine service that brings together Allopathy, Ayurveda and Homeopathy to treat chronic ailments."
Blueleaf Cyberspace Systems,"Internet, Software",Seed,3515000,Bangalore,Bluleaf Cyberspace is Cloud Based Software Company.
Toffee,,Seed,1500000,Gurgaon,"Toffee is a bite size, micro-event & contextual insurtech startup which aims to de-jargonise the insurance buying experience."
ORO Wealth,,Series A,1600000,Mumbai,Online wealth management platform
HealWell24,"Dental, Elder Care, Health Care, Home Health Care, Personal Health",Seed,200000,Mumbai,"HealWell24 is India's emerging technology-empowered healthcare company, aiming to bring world-class quality healthcare services anywhere."
Acko General Insurance,"Financial Services, Insurance, Private Social Networking",Series A,12000000,Mumbai,Acko General Insurance is a digital insurance company in India that redefines insurance for the consumers.
arzooo.com,"Consumer Electronics, E-Commerce, E-Commerce Platforms, Electronics, Shipping, Shopping",Seed,2190000,Bangalore,E-commerce website promising the best price on any product a consumer buys anywhere on the internet.
Bonphul Air Products,CleanTech,Angel,2920000,Delhi,A clean tech product Company
DheeYantra Research Labs,Artificial Intelligence,Seed,3515000,Bangalore,"DheeYantra is building a cognitive conversational chatbot platform by name ""dhee.ai"" for vernacular languages"
Edyoo,Education,Seed,1000000,Bengaluru,"Edyoo.com is a technology platform that offers the most intuitive design, flexibility, and ease of use."
Chtrbox,"Advertising, Internet, Marketing",Angel,1460000,Mumbai,Chtrbox connects social media influencers with brands .
Aashiyaan Housing and Development Finance,Financial Services,Seed,19710000,Kolkata,Provide housing finance to those in the informal sector enabling the hither to un-served to own a home of their own.
BetterPlace Safety Solutions Pvt. Ltd.,"Human Resources, Security, Training",Series A,3000000,Bangalore City,"BetterPlace provides businesses with contractor workforce management, including onboarding, training, and background checks."
Cashkumar,"Consumer Lending, Finance, FinTech",Seed,7300000,Bengaluru,A P2P Lending Platform connecting millions of financially under-served & new to credit borrowers with investment savvy lenders in India
Rocketium,"Marketing, Social Media, Video",Seed,2920000,Bangalore,Easy video creation for social media.
FreightBazaar,Transportation,Seed,3515000,Hyderabad,FreightBazaar.com is an online platform that connects Truck suppliers with Truck users.
OPEN,Banking,Seed,3515000,Bangalore,Open up to a new world of Banking
mfine,"Health Care, Hospital",Series A,4200000,Bengaluru,Hospital & Health Care Start up
Earth Food,"Food and Beverage, Food Processing",Seed,9344000,Pune,Earth Food is a healthy Food Start Up.
Charcoal Eats,Food Processing,Seed,7300000,Mumbai,Charcoal Eats aims to bring Dominos style standardisation.
Wishfie,Apps,Seed,3515000,Bangalore,A platform for people to express their opinions in form of short videos around any topic.
The Social Hook,Marketing,Seed,3515000,Bengaluru,Fast growing Influencer Marketing platform in India.
FreightBro,"Apps, B2B, Freight Service, Logistics, SaaS, Shipping, Supply Chain Management, Transportation",Seed,3515000,Mumbai,Software for the new-age freight
Finwego,,Seed,3515000,Chennai,Finwego partners with Small and Medium Businesses in India to offer convenient and responsible credit to their employees
Cricnwin,"Digital Entertainment, Fantasy Sports, Gaming, Sports",Seed,3515000,Gurgaon,Cricnwin is a Gurugram - based Fan Engagement Platform
TheCollegeFever,"Brand Marketing, Event Promotion, Marketing, Sponsorship, Ticketing",Seed,250000,Bangalore,"TheCollegeFever is a hub for fun, fiesta and frolic of Colleges."
Wicked Ride Adventure Services Private Limited,"Automotive, Last Mile Transportation, Peer to Peer, Ride Sharing",Venture - Series Unknown,10000000,Bangalore,Peer-to-Peer motor vehicles sharing
Career Anna,"Commercial, E-Learning, Education",Seed,5840000,Bangalore,India's Go to Career Commerce Portal
ERUDITUS Executive Education,"Continuing Education, EdTech, Education, Skill Assessment",Series C,40000000,Mumbai,"Eruditus, promoted by Alumni of INSEAD and other top business schools, delivers high quality executive education programmes"
Gaia Smart Cities,"Smart Cities, Telecommunications",Seed,3515000,Mumbai,Gaia Smart Cities is an early leader in the rapidly-emerging Internet of Things (IoT) marketplace.
Square Off,"Internet of Things, Robotics",Seed,1100000,Mumbai,Delivering Imagination
UrbanClap,"Apps, Home Services, Information Services, Information Technology",Series D,50000000,Delhi,UrbanClap is India's leading managed marketplace for home services.
Hospals,"Medical, Tourism",Seed,1500000,New Delhi,Hospals is a medical tourism company.
Kogta Financial India Limited,Financial Services,Series B,224840000,Jaipur,Kogta Financial (India) Ltd is a retail-focused non banking financial company .
Perspectico,"Career Planning, Education, Internet",Seed,3515000,New Delhi,An Education Management startup.
The Souled Store,"Fashion, Graphic Design, Wearables",Venture - Series Unknown,3000000,Mumbai,"The Souled Store bring to you awesome t-shirts, framed prints, badges, notebooks, coasters."
Hush - Speak Up. Make Work Better,"Communities, Leisure, Mobile Apps, Software",Seed,6570000,Bangalore,Enabling diversity of opinions in organizations
Drivezy,"Automotive, Rental, Sharing Economy",Debt Financing,100000000,Bengaluru,Drivezy is India's largest vehicle sharing platform which helps people turn their vehicles into earning members of their family.
Freyr Energy,"Energy, Environmental Consulting, Renewable Energy, Solar",Series A,1500000,Hyderabad,"Freyr Energy is a company that provides full service solar provider based in Hyderabad, India."
NIRAMAI Health Analytix,"Health Care, Hospital",Seed,6000000,Bangalore,NIRAMAI has developed a novel breast cancer screening solution that uses Thermalytix.
CloudSek,"Information Technology, SaaS, Security",Seed,20440000,Bengaluru,Cloudsek is an Infosec Risk assessment company which provides intelligence needed to tackle online threats.
Lendbox,"Crowdfunding, Financial Services, Internet",Seed,8760000,Delhi,Lendbox is India's leading peer-to-peer lending online lending platform.
Verloop,"Customer Service, Information Technology, Internet, Sales Automation",Series A,3000000,Bangalore,Verloop is an automated customer support and engagement platform.
Flickstree,"Advertising, Artificial Intelligence, Digital Media, iOS, Location Based Services, News, Video, Video on Demand, Video Streaming",Seed,3515000,Mumbai,"Flickstree is a smart video content aggregator, powered by Artificial Intelligence."
Paymatrix,"Credit Cards, Payments, Property Insurance, Property Management, Rental Property",Seed,100000,Hyderabad,India's Leading Property Rent management platform
Idha Skin Clinic,"Beauty, Cosmetics, Health Care, Service Industry",Seed,730000,Bangalore City,Idha skin clinic jayanagar is dedicated to restore health and natural beauty to your skin.
InCred,"Banking, Finance, Financial Services",Private Equity,41900000,Mumbai,InCred Finance is a mumbai-based non-banking financial company
Vedantu,"EdTech, Education, Mobile, Tutoring",Series B,11000000,Bangalore,Vedantu provides personalized LIVE Online Tutoring. Vedantu aims to democratize teaching by creating a marketplace of Teachers
Sportido,"Social Media, Sports",Seed,3515000,Noida,Sportido is a sports discovery app that helps you find people and places to play 700+ sports around you.
Stelis Biopharma,Biopharma,Series B,100000000,Bangalore,Stelis Biopharma is a vertically integrated biopharmaceutical company
Magicpin,"E-Commerce, E-Commerce Platforms, Retail",Series C,205860000,Gurgaon,"Magicpin is a platform where users and merchants in a locality discover, interact, and transact."
Try & Buy,"E-Commerce, Fashion, Shopping",Seed,3515000,New Delhi,Try & Buy
Mech Mocha,"Digital Entertainment, Mobile, PC Games",Series B,3530000,Bangalore,Mech Mocha is a mobile gaming startup based in Bangalore working towards ‘Making India Play’ .
Aye Finance,"Finance, Financial Services, Small and Medium Businesses",Debt Financing,10512000,Gurgaon,Aye Finance provides financial services to micro and small businesses in Northern India.
Aldopay,Mobile Payments,Seed,200000,Chennai,Mobile Wallet Focusing on hassle free checkout via Finger Print & OTP.
Detect Technologies,"Artificial Intelligence, Energy, Oil and Gas",Series A,3300000,Chennai,Completely automated remote control system.
Signzy,"Computer, FinTech, Risk Management, Software",Series A,35040000,Bangalore,Signzy are creating 'building blocks for a Digital Trust system.
CashRich,"Apps, Financial Services, FinTech",Seed,1000000,Mumbai,A Mumbai-based fin-tech startup
Cloudnine Hospitals,"Child Care, Health Care, Hospital, Medical, Women's",Private Equity,3515000,Bangalore,Cloudnine is an Indian chain of women and child care hospitals.
CropIn Technologies,"Agriculture, Mobile",Series B,84680000,Bengaluru,"To discover, develop and deliver innovative solution in Agtech Space"
Billdesk,"Finance, FinTech, Payments, Property Development, Rental",Venture - Series Unknown,3515000,Ahmedabad,"BillDesk, a property of IndiaIdeas.com Ltd. was conceived in early 2000 to solve the frustrations of most of us when it comes to paying"
Yaantra,"Information Services, Information Technology, Mobile, Software",Debt Financing,2000000,Delhi,"Yaantra, India’s leading mobile phone repair, refurbished & Unboxed centre In India"
TECHBOOZE,Education,Seed,100000,New Delhi,"Techbooze[1] ""AN OPEN FORUM"" is an educational enterprise, headquartered in India working across the country."
HealthifyMe,"Apps, Fitness, Health Care, mHealth",Series B,6000000,Bangalore,HealthifyMe is an application that allows its users to achieve their fitness and weight loss goals from their computers and smartphones.
hoi foods,"Food and Beverage, Food Delivery",Seed,5256000,Gurgaon,India's first hotel dedicated food brand which promises great in room dining experience in budget hotels
Perpule,"Apps, Payments, Retail",Series A,49640000,Bangalore,Perpule is a self-checkout product for retail outlets to enhance the shopping experience of the customers.
Royal Sundaram General Insurance Co. Limited,"Health Insurance, Insurance, Life Insurance",Corporate Round,210000000,Kalpakkam,"Royal Sundaram provides comprehensive insurance plans and innovative insurance solutions to individuals, families and businesses."
CleanseCar,Automotive,Angel,5110000,Bangalore,CleanseCar is a company provides Washing and Repair Services.
DRIVEU,"Rental, Taxi Service, Travel",Venture - Series Unknown,10220000,Bengaluru,DriveU is a convenient and a quick way of getting on demand drivers for consumers and businesses
Spinny,"E-Commerce, E-Commerce Platforms, Internet, Retail",Series A,11000000,Gurgaon,Used cars marketplace in India. Ushering new era of transparency and convenience.
Asset Reconstruction Company (India) Ltd.,"Financial Services, Professional Services",Secondary Market,3515000,Mumbai,Asset Reconstruction Company (India) Ltd. operates as a asset reconstruction company.
Med365 Healthcare,Health Diagnostics,Seed,7300000,Jaipur,"Wellness, Specialised Testing, Healthcare at Home"
Dunzo,"Customer Service, Messaging, Mobile Apps, Personalization",Debt Financing,10220000,Bangalore,Dunzo is an app that connects you with the nearest available delivery partner to pickup or deliver items for you.
Mobile Premier League (MPL),"Gaming, iOS, Sports",Series A,5000000,Bengaluru,Mobile Premier League(MPL) is a skill based E-Sports platform where you can play your favourite mobile games and win real cash always.
WalMart India,Retail,Venture - Series Unknown,37680000,Gurgaon,"Wal-Mart India Private Limited is a wholly owned subsidiary of Walmart Stores Inc.,"
Cred,,Seed,3515000,Bengaluru,Cred is a platform to celebrate and reward the most creditworthy people of India.
Meesho,"E-Commerce, E-Commerce Platforms, Internet, Mobile Apps, Social Media",Series C,50000000,Bangalore,"Meesho is an online reseller network of housewives and SMBs, who sell products within their network on social channels."
BhaskarGuru,Search Engine,Seed,1000000,Bhopal,Bhaskarguru.com is your local search Engine
Gugu,"Battery, Electric Vehicle, Energy, Renewable Energy, Transportation",Seed,250000,Coimbatore,Gugu designs & Sells all Electric Connected Two-wheeler's with Network of Open & Free Fast charging Stations across India.
FarmTaaza,"Agriculture, Farmers Market, Farming",Series A,3515000,Bengaluru,Farm Taaza provides expert advice to the farmers on improving the yield and improving the field operations of the farmer.
Vizzbee,"Artificial Intelligence, Drones, Navigation, Packaging Services, Robotics",Pre-Seed,20000,Bhopal,Autonomous Drone Solutions for last mile delivery as well as search and rescue
BIGPHI TECHNOLOGIES PVT. LTD.,Fashion,Angel,900000,Bangalore,BIGPHI technologies is the India's first technologically advanced apparel and wearable company.
Mobycy,"Fitness, GreenTech, Internet of Things, Mobile Apps, Ride Sharing, Transportation",Angel,3515000,Gurgaon,India's 1st Dockless Bicycle Sharing App
Traveo Soft Pvt. Ltd.,"Mobile, Software, Travel",Undisclosed,175200,Bangalore,AI based Business Travel & Expense management
Em Personal Care,Cosmetics,Seed,3515000,Worli,Em Personal Care is a Cosmetic products manufacturing Company.
Lucideus,"Consulting, Cyber Security, Network Security",Venture - Series Unknown,5000000,New Delhi,"Lucideus is a cybersecurity company that offers its customers with consultancy, training, and solutions to counteract cyber-attacks."
Eupheus Learning,"E-Learning, EdTech, Education",Seed,3515000,Delhi,Eupheus Learning offers a seamless integrated learning solution for the K-12 market in India.
GamingMonk,"eSports, Gaming, Video Games",Series A,5840000,New Delhi,"GamingMonk is an eSports gaming company based out of New Delhi, India."
Sukkhi Jewellery,"Fashion, Jewelry",Venture - Series Unknown,74460000,Mumbai,Sukkhi Jewellery is a Contemporary fashion jewellery brand.
INDwealth,Financial Services,Seed,321200000,Gurgaon,INDwealth is an Artificial Intelligence (AI) powered wealth management company
Medikabazaar,"B2B, Medical Device",Series A,5000000,Mumbai,India's largest medical and surgical supplies marketplace
NIRA,"Credit, Financial Services, FinTech, Lending",Seed,1000000,Bangalore,"NIRA promotes financial inclusion by creating simple, transparent products that empower individuals to live a life of choice and freedom."
Duroflex Pvt. Ltd.,"Consumer Goods, Manufacturing",Private Equity,22000000,Alleppey,Duroflex Pvt. Ltd. operates as a dominant mattress player.
Clensta,"Biotechnology, Health Care, Wellness",Seed,3515000,New Delhi,A biotechnology start-up was incorporated to improve the National Hygiene condition whilst addressing the aspect of water conservation.
Jetbrain Robotics,"Health Care, Hospital, Medical, Robotics",Seed,70000,Gurgaon,"Jetbrain Robotics is Hong Kong / Gurgaon based company, building advanced robotic transportation solutions for multi speciality hospitals."
Medimetry,Health Care,Seed,3515000,Haryana,"MediMetry is an online platform where patients can consult specialists doctors online - from anywhere, at anytime."
Healthkart,"E-Commerce, Fitness, Health Care",Venture - Series Unknown,10000000,Gurgaon,"The one stop shop for health, fitness & beauty."
Indiabulls Ventures,"Financial Services, Venture Capital",Post-IPO Equity,2247232000,Mumbai,Indiabulls Ventures Limited is one of India’s leading capital market companies providing securities and derivative broking services.
Vistara,Aerospace,Private Equity,2920000000,Haryana,Vistara is a joint venture of Tata Sons Limited and Singapore Airlines Limited (SIA)
ClearTax,"Accounting, Apps, FinTech",Series B,584000000,New Delhi,ClearTax India helps individuals prepare and e-file their Income Tax Return online.
Shuttl,"Apps, Mobile, Transportation",Debt Financing,1000000,Gurgaon,"Shuttl provides an app-based office shuttle service to make daily commute safe, reliable, affordable and dignified for everyone."
GuruQ,Reading Apps,Seed,3650000,New Delhi,A one of its kind digital integrated platform connecting tutors and students.
Azure Power,"Energy, Renewable Energy, Solar",Post-IPO Equity,185000000,New Delhi,"Azure Power produces and distributes solar power to commercial, government, and utility customers in India."
Cube,"Banking, Financial Services, FinTech",Series A,20440000,Mumbai,Cube is consumer banking focused fintech company.
RAHI Care,"Health Care, Hospital",Venture - Series Unknown,3515000,Chandigarh,RAHI Care is a Health Care company.
Mynvax,Biotechnology,Angel,3515000,Bangalore,Mynvax is a biotech Company.
Loans4SME,Financial Services,Seed,3515000,Mumbai,Loans4SME is an alternative lending platform.
UpCyclersLab,"Apps, Education, Retail",Seed,3515000,Mumbai,UpCyclersLab is a startup that makes sustainability-based learning tools for children above the age of five.
Cellerite Systems,Electric Vehicle,Seed,3515000,Hyderabad,Cellerite Systems is a charging solutions provider for electric vehicles.
Taru Naturals,"Agriculture, Farming",Seed,3515000,Mumbai,Taru Naturals is a network that connects farmer communities with clean technology and renewable energy.
LetsMD,"Fitness, Health Care, Wellness",Seed,1000000,New Delhi,LetsMD.com is a marketplace for elective surgeries
Twenty Two Motors,"Automotive, Battery, Electric Vehicle, Manufacturing, Mechanical Design",Corporate Round,65000000,Haryana,Twenty Two Motors aim of making cutting edge EV technology affordable for the current generation.
Truebil,"Automotive, E-Commerce, Marketplace",Series A,2000000,Mumbai,"Truebil is a team of young, highly motivated professionals who strive to help you buy and sell used cars in the simplest way possible."
FarmersFZ,Agriculture,Seed,3515000,Kochi,FarmersFZ is an online venture for fresh and safe vegetables and agri products.
Worxogo,Information Technology,Series A,24090000,Bangalore,worxogo’s is a pioneering persuasive technology products align employee behaviours .
Vivish Technologies (myGate),"Apps, Information Services, Information Technology",Series A,94900000,Bengaluru,India's leading mobile based security management solution .
Singularity Dynamics,Artificial Intelligence,Seed,3515000,Bengaluru,Singularity Dynamics is a Chip-design testing startup.
Virtual MetalStreet(MetalStreet),"B2B, Marketplace",Angel,700000,Bengaluru,Virtual MetalStreet(Metalstreet) is a B2B marketplace for steel trading in India
Veritas Finance,Financial Services,Venture - Series Unknown,30000000,Guindy,Veritas Finance has been promoted with a primary purpose of meeting the working capital and business credit requirements of the small bus.
Manjushree Technopack,Packaging Services,Private Equity,3515000,Bangalore,Manjushree Technopack is a Rigid plastics packaging convertor in India and South Asia.
GoZefo,"Computer, Furniture, Software",Venture - Series Unknown,30660000,Bangalore,Startup working on a white space in the eCommerce industry.
Zomato,"Food Delivery, Hospitality, Reservations, Restaurants, Search Engine",Secondary Market,210000000,Gurgaon,Zomato is a search app offering detailed information for restaurants as well as online food delivery.
Innov8 Coworking,"Collaboration, Communities, Coworking, Real Estate",Seed,4000000,New Delhi,Innov8 is a Y- Combinator backed company that offers coworking and shared office spaces.
RevFin,"Accounting, Banking, Finance",Seed,3515000,Delhi,RevFin is a digital lending company.
Lavelle Networks,"Cloud Computing, Enterprise Software, Network Hardware, Network Security, SaaS",Venture - Series Unknown,2920000,Bengaluru,Lavelle Networks provides Software Defined WAN (SD-WAN) Solutions to build end to end Enterprise Networking Platforms for tomorrow
Blackbuck,"Information Services, Internet, Logistics, Supply Chain Management, Transportation",Series D,296321600,Bengaluru,Blackbuck is a logistics startup based in India.
Cardekho,"Automotive, E-Commerce, Information Services",Series C,75000000,Gurgaon,Cardekho is a car search venture that helps users buy cars that are right for them.
ElasticRun,"Delivery, Logistics, Transportation",Series B,87600000,Pune,ElasticRun develops an online system that improves the reception of orders from customers and the dispatch of delivery drivers in India.
Droom Technology Private Limited,"Automotive, E-Commerce Platforms, Marketplace",Series E,30000000,Gurgaon,Droom is a marketplace for automobiles and automobile services.
Vogo Rentals,"Last Mile Transportation, Railroad, Transportation, Travel",Debt Financing,11680000,Kormangala,Vogo is a dockless scooter rental company in India which lets customers rent scooters for short one way trips.
InnerChef,"Cooking, E-Commerce, Food and Beverage, Food Delivery, Online Portals",Venture - Series Unknown,1760000,Gurgaon,InnerChef is an online food discovery and delivery experience that will make the foodie in you come alive.
LivQuik,"FinTech, Mobile, Mobile Payments, Payments, Retail Technology",Corporate Round,2700000,Mumbai,LivQuik was incorporated with the vision to simplify payments for merchants and consumers in an increasingly digital world
Disprz,"E-Learning, Education",Debt Financing,400000,Chennai,"Disprz is a one-of-its-kind “knowledge-tech” start-up that strives to make people knowledgeable, productive and smarter at what they do."
9stacks,"Online Games, Software",Series A,40880000,Delhi,Online gaming startup.
Origo,,Venture - Series Unknown,116800000,Gurgaon,"Origo Commodities, a complete post-harvest management services for agricultural commodities, is the fastest growing company in its sector."
YourOwnROOM,"Online Portals, Property Management, Rental",Seed,750000,Bangalore,"Good quality, strategically located homes closer to work for millennials"
Vahdam Teas,"E-Commerce, Food and Beverage, Tea",Series B,2500000,New Delhi,Vahdam Teas is a vertically integrated online-first tea brand that sources premium garden fresh teas direct from over 150+ tea plantations.
Spoofin,"Music, Social Network, Video",Venture - Series Unknown,3515000,New Delhi,A social networking app that lets you create and view Spoofs of your favourite videos.
Strom Motors,Automotive,Angel,3515000,Mumbai,Strom Motors is a smart urban mobility Company.
PharmEasy,"Health Care, Pharmaceutical, Wellness",Series C,80000000,Mumbai,PharmEasy - Indias largest healthcare delivery platform
Licious,"Delivery Service, Food and Beverage, Food Delivery",Series C,25000000,Bengaluru,"Licious is an online meat and fish ordering startup that solves existing problem of finding safe, delectable, trustworthy fresh meat."
Stanza Living,"Hospitality, Information Technology, Travel Accommodations",Venture - Series Unknown,106580000,New Delhi,Stanza Living is a co-living platform created for students moving to a new place.
docturnal,"Biotechnology, Diabetes, Health Care",Seed,3515000,Hyderabad,"Docturnal, an online platform, enables individuals to find information and diagnostic services related to diabetes, cancer, and more."
Bounce (Metro Bikes),"Autonomous Vehicles, Last Mile Transportation, Recreational Vehicles, Rental",Debt Financing,3000000,Bangalore,"Bounce (formerly Metro Bikes) is an urban mobility solution that makes daily commute stress-free, time-saving, reliable, and convenient."
Technology 9 Labs (T9L),Information Technology,Corporate Round,3515000,New Delhi,Technology 9 Labs is an Information Technology and Services company.
Goals101,Financial Services,Seed,3500000,Delhi,Goals101 is a one of the fastest growing big-data platforms.
Satya MicroCapital,"Finance, Financial Exchanges, Financial Services, Micro Lending",Venture - Series Unknown,58400000,New Delhi,New Delhi-based non-banking financial company.
Ummeed Housing Finance Private Limited,"Finance, Financial Services",Series C,87600000,Haryana,Ummeed Housing Finance Private Limited
StockEdge,"Analytics, Apps, Market Research",Seed,1100000,Kolkata,"StockEdge is a unique platform, which is 100% focused on research and analytics"
Sequretek,,Venture - Series Unknown,3700000,Mumbai,Sequretek is a cyber security start-up.
Avenues Payments India Pvt. Ltd.,,Corporate Round,1300000,Mumbai,Avenues Payments is an IT solutions provider for the remittance\money transfer and forex industries.
Qbera,"Finance, Financial Services",Venture - Series Unknown,20440000,Bangalore,Qbera is a managed marketplace for unsecured personal loans.
Urban Ladder,"E-Commerce, E-Commerce Platforms, Furniture, Home Decor, Internet",Debt Financing,5600000,Bangalore,Urban Ladder is a Bangalore-based online furniture company.
Planet11 eCommerce Solutions India (Avenue11),,Corporate Round,37960000,Bengaluru,"Planet11 is backed by SK Planet, which is a part of the SK Group – one of the largest conglomerates in South Korea."
DailyNinja,"Apps, Mobile, Mobile Apps, Software",Series A,3515000,Bengaluru,"Daily Ninja, a mobile app that delivers daily needs on a subscription model"
Iba Halal Care,,Series A,21900000,Ahmedabad,Iba Halal Care is a cosmetics brand company.
Knocksense,"News, Publishing, Social Media",Seed,3515000,Lucknow,Knocksense is a fast growing lifestyle website.
Togedr,,Venture - Series Unknown,3515000,Gurgaon,Togedr is an activity discovery & booking platform.
Parkwheels,"Industrial, Industrial Automation",Seed,1752000,Haryana,"Parkwheels aims at solving the big, bad & unsexy parking problems of India."
ShareChat,"Internet, Mobile Apps, Social Network",Series C,99230000,Bangalore,ShareChat is a social networking and regional content platform for the fast growing Internet users in India.
Cyclops Medtech,"Health Care, Health Diagnostics, Internet of Things, Life Science, Machine Learning, Medical, Medical Device",Seed,1000000,Bangalore,Medtech startup working on clinical and wearable diagnostic and rehab products for neuro vestibular disorders using eye tracking technology.
Livspace,"E-Commerce, Furniture, Interior Design",Series C,70000000,Bangalore,"Livspace is the new online shopping destination where you can design, decorate and furnish your dream home."
NewsBytes,"Apps, Events, News",Seed,1000000,Gurgaon,NewsBytes provides your everyday news in a contextual timeline to reduce information overload.
Leena AI,"Artificial Intelligence, Human Resources, Information Services, Information Technology",Seed,2000000,Gurgaon,Leena is smart AI powered HR companion dedicated towards engaging employees.
Max Healthcare,"Health Care, Hospital, Supply Chain Management",Corporate Round,3515000,New Delhi,Max Healthcare is one of the leading chain of hospitals in India.
GoBolt,"Logistics, Railroad, Transportation",Venture - Series Unknown,58400000,New Delhi,Delhi-based logistics technology.
GoGaga,"Dating, Private Social Networking",Non-equity Assistance,40000,Bangalore City,GoGaga is a new age dating app that has removed the mindless swiping on strangers and connects users through their network and find matches.
Mate Labs,"Artificial Intelligence, Machine Learning, PaaS",Seed,550000,Bangalore,Mate Labs is a machine learning solutions platform for beginners.
Furlenco,"Consumer, Furniture, Home Decor, Home Improvement",Series C,3515000,Bangalore,Furlenco is a Bangalore-based company that offers a home furniture subscription program.
Ola,"Apps, E-Commerce, Internet, Mobile, Ride Sharing, Transportation",Venture - Series Unknown,50000000,Kormangala,Ola is a mobile app that brings together cab drivers and customers using technology to make transportation hassle-free in India.
DocPrime,"Health Care, Health Insurance",Funding Round,50000000,Haryana,DocPrime offers a one-stop healthcare solution right at the comfort of patients' homes.
CLP India Pvt. Ltd.,"Energy, Natural Resources",Private Equity,365000000,Mumbai,CLP India Pvt. Ltd. is a foreign investor in the Indian power sector.
Xplorabox,"E-Commerce, Education, Health Care",Seed,3515000,Noida,Xplorabox is as an educational activity box subscription startup aiming to revolutionize the early education industry.
Myra,"Apps, Health Care, Pharmaceutical",Venture - Series Unknown,1277500,Bangalore,Myra is a unique solution of technology and operations that makes buying medicines fast and efficient.
Vokal,"Internet, Knowledge Management",Series A,1500000,Bengaluru,India's Largest Peer-to-Peer Knowledge Sharing Platform in Indian Languages.
Kissht,"Credit, Finance, FinTech, Lending, Sales Automation",Series C,30000000,Mumbai,"Kissht is a financial technology platform that enables instant, seamless credit for consumers to make purchases at digital points of sales"
Upwards Fintech,"Banking, Financial Services, Internet",Series A,5000000,Mumbai,Upwards Fintech financial company.
Bon(Bonfleet Solutions),"Financial Services, FinTech",Seed,11388000,Pune,"Bon, a Pune-based FinTech firm was created to bring financial services to the gig-economy workforce."
Mamaearth,"E-Commerce, Health Care, Retail",Series A,4000000,Gurgaon,Mamaearth is an online retailer specializing in baby and toddler products.
BabyChakra,"Child Care, Information Technology",Series B,3515000,Mumbai,BabyChakra is India's largest & most loved platform to discover the right maternity and childcare.
Belstar Investment and Finance Private Limited,"Financial Services, Micro Lending",Venture - Series Unknown,28000000,Chennai,Belstar Investment and Finance Private Limited is a provider of scalable microfinance services to entrepreneurs.
Naaptol,"E-Commerce, Retail, Shopping",Venture - Series Unknown,15000000,Mumbai,"Koku Gamer is an online platform that offers gaming related news, editorials, reviews, previews, and other content."
Moonshine Meadery,Food and Beverage,Seed,3515000,Pune,Moonshine Meadery is a first craft meadery.
Verzeo,E-Learning,Series A,5000000,Bangalore,Verzeo is anAI-focussed edtech startup.
Haazri,"Food and Beverage, Snack Food, Tea",Seed,1825000,Mumbai,Haazri is a tea and snack quick service restaurant startup
Connect India,"Delivery Service, E-Commerce, Logistics",Angel,3515000,New Delhi,"To create pervasive network where connections are simpler, more powerful, more affordable, more global and more available to all."
Flyrobe,"Fashion, Lifestyle, Rental",Series B,38544000,Mumbai,Flyrobe is an on-demand apparel rental platform that provides premium designer wear.
Scholify,,Pre-Seed,3515000,Bengaluru,Edutech
Dream11,"Fantasy Sports, Mobile, Sports",Series D,100000000,Mumbai,"Dream11 is India’s Biggest Sports Game with 30 million+ users playing Fantasy Cricket, Football, Kabaddi and NBA."
srJna,Education,Seed,3515000,Jaipur,"SRJNA is a brand of Elation Edtech Pvt. Ltd., which helps schools to integrate hands on, affordable and turnkey STEM."
Nykaa,"Beauty, Fashion, Wellness",Secondary Market,164980000,Mumbai,Nykaa.com is a premier online beauty and wellness destination
Chaayos,"Food and Beverage, Restaurants, Tea",Series B,118260000,New Delhi,Chaayos was born in November 2012 out of this premise - a contemporary interpretation of the chai adda.
Heelium,"Fitness, Sporting Goods, Sports",Seed,3515000,Pune,Heelium is an athletic footwear and wearable startup with primary focus on sports safety and sustainability.
LT Foods,"Food and Beverage, Food Processing, Manufacturing",Post-IPO Equity,204400000,New Delhi,LT Foods believe that nature will continue to nurture us until we as a species continue to breathe and live.
Multibashi,"E-Learning, Internet",Seed,1460000,Bengaluru,Free language learning platform.
Cleardekho,"Eyewear, Internet",Venture - Series Unknown,3515000,Ghaziabad,Uttar Pradesh based online eyewear marketplace.
Dailyhunt,"Information Technology, Mobile, News, Operating Systems, Social Media, Social News",Series E,6000000,Bangalore,NewsHunt is a Bangalore based eBooks company.
SlicePay,"FinTech, Internet, Payments, Service Industry",Series A,14900000,Bengaluru,SlicePay is an AI based instant credit app for youngsters in India.
Udaan,"B2B, Business Development, Internet, Marketplace",Series C,225000000,Bangalore,"Udaan is a B2B trade platform, designed specifically for small and medium businesses in India."
Happyeasygo Group,"Tourism, Travel",Series A,3515000,Haryana,HappyEasyGo is an online travel domain.
Mombay,"Food and Beverage, Food Delivery, Internet",Seed,7500,Mumbai,Mombay is a unique opportunity for housewives to start household food business and avail everyone with their homemade healthy dishes.
Droni Tech,Information Technology,Seed,5110000,Mumbai,Droni Tech manufacture UAVs and develop software to service a range of industry requirements.
Netmeds,"Biotechnology, Health Care, Pharmaceutical",Series C,35000000,Chennai,Welcome to India's most convenient pharmacy!
